cuedc2_mid_resid,cuedc2_mid_rmsf,cuedc2_par_resid,cuedc2_par_rmsf,cuedc2_rif_resid,cuedc2_rif_rmsf,cuedc2_dig_resid,cuedc2_dig_rmsf,cuedc2_erg_resid,cuedc2_erg_rmsf
1,7.332861389770756,1,8.292994696989199,1,6.031135843674503,1,11.195354746886188,1,7.698864498685491
2,7.415350924309559,2,7.697337031307629,2,5.200306531457744,2,9.414718213965068,2,7.152010357514709
3,6.973856111145733,3,6.684165665085252,3,4.372923007542244,3,7.38715779334238,3,6.391870230936865
4,6.742371424363463,4,6.150505770473146,4,4.708329785648921,4,7.999269520430967,4,5.642746177841506
5,7.584222291252119,5,5.759263766787285,5,5.2537340002616215,5,8.788667083072715,5,4.828729131695134
6,8.14317478086813,6,5.087469102885388,6,4.593884550776909,6,6.90872022169301,6,4.930372910181012
7,7.974119491550203,7,4.626196566728042,7,4.237124714131856,7,6.263028522916314,7,4.9245238879325886
8,8.026961471955989,8,4.440278686738335,8,5.399804480988795,8,8.244518715889143,8,4.882368582637191
9,9.705850136177002,9,4.473975615371379,9,6.267039968482012,9,8.325788621125614,9,5.109820607111294
10,10.168223293907324,10,4.130408580562584,10,5.89316397131564,10,6.780324353118145,10,5.353953887651312
11,9.382174668193072,11,4.092172137334559,11,6.106374324418453,11,7.655112487453064,11,5.772904009065488
12,10.534584283719967,12,4.233149098613921,12,7.459554580182955,12,9.595242096369237,12,6.4263433234640015
13,12.173038536108177,13,4.8210240792124255,13,8.284554442550247,13,9.081268939413972,13,7.034929878594349
14,11.587112357332638,14,5.002448325456094,14,8.12342964927627,14,8.591487325198642,14,7.273124876411546
15,11.422501041592476,15,5.206037932653472,15,8.90202142171047,15,10.404957954154966,15,8.149073823936137
16,13.44659101124938,16,5.833477977329786,16,10.219620717839843,16,11.575513667480552,16,9.096459154904364
17,14.317826220548868,17,6.621622059266455,17,10.727678140106754,17,10.836964211304975,17,9.52526939451784
18,13.783565310136874,18,6.941483173522012,18,10.839325221707927,18,11.46706321992346,18,9.926937733630792
19,13.576611122252077,19,6.9981986218229695,19,11.15041313434716,19,12.959519012662724,19,10.501460386742188
20,14.641531517969648,20,7.964841575035567,20,12.418965386842508,20,14.422466952384616,20,10.991586602395843
21,14.801645275752085,21,6.606957524234558,21,12.885963614716736,21,15.985619281670406,21,12.170208222378468
22,14.168704844060326,22,5.438378474633851,22,12.826200998254034,22,14.46787165608305,22,11.17858187464276
23,13.50524432250177,23,4.828294320638195,23,12.009003459669383,23,14.688198368085535,23,11.178217968975254
24,11.806359601496723,24,4.319862744475422,24,10.362661811779452,24,13.335619481169838,24,9.772598785376298
25,11.955648510159042,25,4.442003248672811,25,10.655565201174918,25,14.413999939979073,25,10.865659236839084
26,10.672471630193382,26,4.449509340556052,26,9.874478773209288,26,13.309992099032243,26,10.848928069086634
27,9.087229069399283,27,4.716527880218239,27,8.610814744933217,27,11.513631613817008,27,9.189428007792618
28,8.203539558265428,28,5.510936550132053,28,8.095289774206668,28,11.533992736526322,28,9.101129457994857
29,7.152400772647575,29,6.291923565598467,29,7.130620294146986,29,10.560304088848715,29,7.812345913523026
30,6.738499256998243,30,7.290054914090082,30,7.324277759344088,30,9.63064877169355,30,9.168281962039757
31,6.62691500800428,31,6.327710012597278,31,6.589630350576945,31,8.598358445544681,31,8.402067820287975
32,6.546067044681086,32,5.743534014994576,32,5.415587500831654,32,7.772629499606285,32,6.801251785109248
33,6.086126561600633,33,7.236556349310041,33,5.776561931553922,33,7.301324128395894,33,8.123573339405544
34,6.238801106597899,34,7.636145454179578,34,6.0698377101068255,34,6.083268322784347,34,9.193356918218791
35,6.69322390671493,35,6.410373262785789,35,4.850069879356214,35,5.166802706009526,35,7.848085781503152
36,6.72444400139165,36,6.74474832136561,36,4.622634647324373,36,4.953734728837636,36,7.679990340127054
37,6.75651675485994,37,8.318114524114117,37,5.326167246807203,37,4.516256685311017,37,9.705552886361268
38,7.472768456253418,38,8.060634036079207,38,5.522941175293987,38,3.363907254288633,38,10.032740164760176
39,8.140006442761583,39,6.965768679091978,39,4.977856215248063,39,3.185293957632403,39,8.706470679889183
40,8.307905588625621,40,8.051635471706742,40,5.388717757016895,40,4.162187660138288,40,9.58244630806534
41,8.93690472474573,41,9.18887572903848,41,6.754903700042017,41,3.7181225787531984,41,11.510508589827484
42,9.81768006787652,42,8.254080249183165,42,6.848575842434657,42,3.887069342697671,42,10.989518419866869
43,10.265353595293115,43,7.750254851989521,43,6.85160695715478,43,4.9000544949626645,43,10.78320281744697
44,11.289618815045465,44,6.99467945103313,44,7.032902912733993,44,5.865164062767293,44,10.139753295489646
45,12.139841681069374,45,7.272510589017936,45,7.793136723286737,45,6.279683469454577,45,10.5502623302501
46,10.783157077480702,46,6.827815464407628,46,6.754952584063823,46,4.750356098975447,46,9.549398732136233
47,10.71710364741965,47,7.631072850802253,47,7.420574336015471,47,5.210543552321552,47,10.190342226001416
48,11.825508681393286,48,8.863928816688984,48,8.819596988785781,48,6.905592297103103,48,11.553744917520918
49,12.075604787670184,49,10.219253325995336,49,9.555438720706656,49,8.290068441806424,49,12.564786136865544
50,12.411813849641684,50,10.890813671670934,50,10.168443944239415,50,8.40365820646795,50,14.256630492033343
51,11.232819653251852,51,10.17161306590365,51,9.193144283920716,51,6.2253966836615175,51,13.787370606041549
52,10.13186147087616,52,9.37638424213243,52,8.302374193513392,52,5.332636604156448,52,12.364019935423192
53,9.791703351337318,53,9.816176427673094,53,8.832470336295057,53,6.459706427191084,53,12.219221883106124
54,9.549364947044689,54,8.722324020059581,54,8.504386528987856,54,7.350385063891983,54,10.707864752578264
55,9.4739196103174,55,9.64953549315285,55,9.644257058472116,55,8.851369399673866,55,11.703289918644453
56,8.58216227183931,56,9.61331490093418,56,9.05474894924609,56,7.484073201324365,56,11.966235184522278
57,8.109519832976135,57,8.062071807768161,57,7.735924994144864,57,6.778691828673113,57,10.205283839993909
58,8.641754381671145,58,7.872650115683867,58,8.681098219353911,58,8.811963512716803,58,10.48760285352092
59,8.444345095239084,59,8.66240592092178,59,9.46078917724887,59,9.669709620751089,59,12.131297402457324
60,7.550789974805983,60,7.842607718049116,60,8.430266717537162,60,8.636314010243655,60,11.25429448983628
61,7.915996960678964,61,6.613825023485919,61,8.09778271741675,61,9.179761589982002,61,9.827138409989848
62,8.909994598966373,62,7.160257991590226,62,9.63311824504555,62,11.263090326141048,62,11.34293397584425
63,8.59495743817315,63,7.35306177773398,63,9.830248449554324,63,11.862316671725358,63,12.155565847374628
64,8.564852091749852,64,6.207604790282981,64,9.251774932504594,64,11.580341551459028,64,10.626703298424674
65,9.511361456284018,65,5.918847805792766,65,9.70165853721094,65,11.943815694447087,65,10.275452414522462
66,10.751495667362969,66,7.071173520859267,66,10.984397678692062,66,13.735696337840958,66,11.726012017994345
67,11.375136872358295,67,6.931446512036447,67,11.4710890518559,67,13.577199171343748,67,11.868692451828792
68,10.359774542156789,68,6.7662755127635545,68,9.91542784868733,68,11.37545010301428,68,10.46645037344647
69,10.507820542672722,69,8.244259247722468,69,10.672998538375156,69,11.927920716745598,69,11.745961635686903
70,11.845509621386594,70,8.647810880774994,70,11.742082839505816,70,13.23743569899236,70,12.10982706697173
71,11.92698254087573,71,8.367645609577286,71,10.703936315082968,71,11.41437461022608,71,10.704451108938562
72,12.5797587190987,72,9.334307740298314,72,11.034176045712524,72,11.194685414159927,72,11.107293136827971
73,11.948866849259623,73,8.870086269977817,73,9.983620794551404,73,9.731191154972027,73,10.734878413155926
74,12.795355096539438,74,8.549744801922879,74,10.094236126270015,74,9.211637695238217,74,10.46423054941264
75,12.248756693095352,75,7.269161235840858,75,9.520434871213496,75,8.597218516785022,75,9.393160733998478
76,10.741351819529084,76,6.497401293633893,76,8.146805926628115,76,7.419846516948133,76,8.404625475971924
77,11.239998357234482,77,6.975592450079389,77,8.026365763705954,77,6.56026137585692,77,8.955773845644561
78,12.06262676532063,78,6.391725424819322,78,8.131066618342459,78,6.286525613201632,78,8.682588480931305
79,10.842415796692071,79,5.290532610386845,79,6.959043085828853,79,5.467606327180497,79,7.315469749623579
80,9.86094201137798,80,5.4355254830694495,80,5.962489066415876,80,4.3265688241377696,80,7.295678815698659
81,11.132361029443148,81,5.694447564332006,81,6.506271348918232,81,4.385056373846006,81,8.275732556303886
82,11.35346872193544,82,5.084981872093924,82,6.288570773396601,82,4.115090572665888,82,7.652596472565323
83,9.717565771802915,83,4.683153168546925,83,4.904692319437838,83,3.7654211092898144,83,6.446146136694182
84,9.885736165166607,84,5.370894010766707,84,4.923497977478208,84,3.4875651960497374,84,7.664460961272764
85,11.095194649803489,85,5.29524985251893,85,5.621883992264986,85,4.263521841412124,85,8.295167392944844
86,10.213490403294536,86,5.116770967869707,86,5.061897872964777,86,4.51168445308453,86,7.110133884756185
87,8.950671151495161,87,5.621189964968618,87,4.212631289298422,87,5.032482475322152,87,7.069479855543577
88,10.167231019794938,88,6.15692323013984,88,5.305266873370578,88,5.777577237033376,88,8.842332580765087
89,10.729879892310196,89,6.2335561553508745,89,5.902606326692494,89,6.420186129671792,89,8.854047499804317
90,9.370288577466503,90,6.649037490820658,90,5.276895692309578,90,7.194859149157121,90,7.8686431185369665
91,9.351558325544929,91,7.436144713731427,91,5.637093521013469,91,8.037517058194451,91,9.234097898663762
92,10.857507707319424,92,7.702616256213415,92,7.248972692586469,92,8.900999770954265,92,10.535030268852877
93,10.457024544999934,93,8.192348295773074,93,7.229206291439736,93,9.586697286043924,93,9.981186565935712
94,9.675705739687396,94,9.01793166557086,94,6.2256798381419385,94,10.64436056987277,94,10.07304036154173
95,10.432005857035232,95,10.49790970540584,95,7.909171693012297,95,11.630852953516596,95,11.979841747979036
96,9.842025529339008,96,10.818012720819196,96,8.749738953946466,96,12.41631391314099,96,13.014370947107068
97,8.77642620320293,97,11.10101995979538,97,7.628204573467525,97,13.488283508168337,97,13.750508383048317
98,8.481265284111744,98,12.251856815805796,98,6.261484485052029,98,15.63666918978329,98,14.702974047302495
99,9.091161074592776,99,12.307338568508692,99,5.217559649016214,99,16.02810319508042,99,15.84380305070343
100,9.367426269613,100,13.193280605530443,100,5.052283309286927,100,16.056572711268057,100,16.907772197554696
101,9.691158348903448,101,13.781842591823365,101,4.928919023580513,101,15.961474771274531,101,17.746058544392433
102,10.540965412918258,102,14.35966512621533,102,4.248151231778908,102,15.197230028761416,102,17.18833175113808
103,10.44251833884647,103,13.911159011182814,103,4.245113175200125,103,14.35337511315502,103,16.344213725556603
104,9.88560030683574,104,14.35257011682566,104,4.699690657158518,104,14.486422885965004,104,15.153234063835791
105,10.725747659779817,105,14.966324608124536,105,5.301141405321563,105,13.85793757639138,105,14.844513621368822
106,11.848695010215328,106,15.643705416619568,106,5.850501806693612,106,12.641476818983008,106,13.906690857233547
107,12.549058980680076,107,15.70103763933501,107,6.497037101636002,107,11.895025226318154,107,13.908099353546888
108,12.544124058162554,108,15.67001080683808,108,6.571127885012,108,11.272251861137937,108,13.7710409118777
109,10.77692989957774,109,14.569028043533658,109,5.593482083632239,109,9.501277840564924,109,12.600166398765992
110,11.185572150960324,110,15.070378475291234,110,4.993749963875084,110,10.584965463968178,110,12.26928768160827
111,10.66904389754797,111,14.754739344889249,111,4.473625883311476,111,10.366346581966353,111,11.63645123700759
112,8.998763541592577,112,12.917437880827162,112,5.141563065880921,112,9.111778323449975,112,11.514760507320448
113,8.349193741914824,113,12.39188447244025,113,5.495942370950492,113,7.003519387634956,113,11.258393894677448
114,8.248065613771251,114,11.958413676229602,114,6.05797203261772,114,6.858038121814793,114,11.449677115214554
115,7.52406154432713,115,11.600606565552658,115,7.725682900113356,115,6.448458850626213,115,12.660302556279404
116,7.935987198179119,116,10.459798161892037,116,8.152166097682116,116,6.983735702657538,116,12.718616012933875
117,8.020913859289884,117,10.156501738574264,117,7.170834997530561,117,7.585115943690862,117,12.572469564281652
118,7.6368605704884835,118,9.369358524772364,118,7.49313872438555,118,8.988040016120323,118,11.312887471562252
119,8.227014958291036,119,8.831873065567772,119,7.555133998573565,119,9.41157104022765,119,11.400127741888635
120,8.75784711173832,120,8.480354713045855,120,6.963538901794416,120,10.301194628572544,120,9.871155254252228
121,8.914007273558477,121,7.474927521297645,121,6.879435366474266,121,11.766199234879323,121,8.630053176045557
122,9.710561953804287,122,7.013877531228866,122,6.804882989696853,122,12.300338027704884,122,8.234462876145416
123,8.82763372811032,123,6.5096314000121005,123,6.95208255069348,123,11.683182179462024,123,8.473391197817637
124,7.938546608652322,124,6.304474339289917,124,7.493580281558676,124,11.056731003953942,124,9.33698699888692
125,6.515502045990902,125,6.561492792601426,125,7.824269836278918,125,10.676009584074862,125,8.785997305846813
126,5.683905434246363,126,6.802679602847559,126,8.299827903050927,126,10.204393765682068,126,8.98213433739868
127,5.779276806622142,127,7.407597518608845,127,8.66048059890924,127,9.388232560746214,127,9.097633154879857
128,6.439894085933155,128,8.513891306091162,128,9.925252517543123,128,8.75101816257212,128,9.936647160361703
129,7.6010056555843954,129,9.9737512779492,129,9.576703718910638,129,8.440600591311778,129,9.43119826421385
130,8.781185011048846,130,11.664889647416944,130,9.303279159841576,130,8.173596262245663,130,8.636512194609352
131,8.44248021576262,131,12.519300660159551,131,9.92951840439117,131,8.504900533836354,131,8.773090714970088
132,7.757386418760323,132,12.262105346987989,132,9.344065839732274,132,7.961911647056544,132,8.209022829828182
133,6.740350185878095,133,12.60387731202438,133,9.557505076862723,133,8.917129650235644,133,8.328940666949272
134,7.620284280399068,134,11.439835970192473,134,8.49562231027474,134,9.45221866805512,134,8.034651123488464
135,6.860588453887911,135,10.940769950189203,135,7.179076884541734,135,8.758367654073774,135,8.077724902248143
136,6.372964346702318,136,11.033178623023144,136,6.942344453928372,136,8.88804616721755,136,8.093020371938591
137,5.7309334606727935,137,12.345277295481957,137,6.478218922477485,137,8.425256760021055,137,8.241596054648522
138,6.232563660247638,138,11.776010109935209,138,6.100117080650037,138,7.580695192988099,138,7.935357896530383
139,6.182721866895459,139,10.682348268819352,139,5.478313057626567,139,7.127007383809202,139,8.24638827105013
140,7.732663906439688,140,10.640330766036412,140,5.689644060018189,140,6.931100168265161,140,8.414788707193821
141,8.237066464686732,141,10.072135270407989,141,6.475983319129029,141,6.582024194206293,141,8.450161933871339
142,7.968485438722532,142,10.3205155404139,142,7.281115929307631,142,6.933390019342803,142,8.776054343828221
143,8.63993031195724,143,9.983053065145953,143,7.95712253109998,143,7.898039120518796,143,8.196944853250475
144,8.526315692971654,144,10.286090893883726,144,7.877019897120515,144,9.190471411536356,144,8.496626220545753
145,7.9673581027382205,145,10.233421527794206,145,6.755997938347944,145,9.04069051644552,145,8.40591562920608
146,9.219378436527398,146,11.349593384354288,146,7.656108720454025,146,9.00444077292478,146,9.684881631405412
147,10.079542361567068,147,12.65389890707209,147,8.288377234955446,147,10.247257665699411,147,9.942613736300764
148,8.964477727454218,148,12.630759969932972,148,7.535665991026255,148,9.76445492122361,148,10.463350423303003
149,7.159648665330188,149,11.01472722160002,149,5.882501589817704,149,9.28037504396086,149,9.93377722387278
150,7.318535041674226,150,11.270200576129271,150,5.7108813032224175,150,11.398448195121755,150,8.851974456953018
151,8.165658968204133,151,13.01878379496165,151,6.364355963444489,151,11.352543567362485,151,9.990169862548868
152,6.9798708276933,152,12.1935041145614,152,5.423550894158639,152,10.089643450783484,152,11.015062374585025
153,6.44131983873304,153,10.50201096269488,153,4.540942454759644,153,11.370965672506236,153,10.117053657485116
154,7.873413716867333,154,12.151804038310663,154,5.620876707426573,154,13.287051714041809,154,10.550746997447275
155,8.18977429241616,155,13.15050458529798,155,6.146788582205764,155,12.743592921815058,155,12.276712460975428
156,7.315580277395009,156,11.406604293985684,156,5.454366271212243,156,12.689611510223182,156,12.326427895113756
157,7.269289448306486,157,9.7838050128724,157,5.3973742441553725,157,13.785991467772424,157,11.388519694742934
158,7.605643791009566,158,8.923791459726473,158,6.144453561640002,158,12.99628880506666,158,12.239104593479896
159,6.370852650411092,159,8.935400858733406,159,5.517917980380209,159,10.81176447424315,159,11.6987479315787
160,6.1398142727606055,160,8.029429437775038,160,5.909661016823417,160,9.83955761428331,160,10.772103071494522
161,5.831411293117078,161,8.435776171306081,161,5.485005375107208,161,8.846410161433415,161,10.01255296632152
162,7.044424822844154,162,8.936743728689637,162,7.115529723557519,162,7.411452512529454,162,11.64601538731602
163,6.989230697667763,163,9.620207023958985,163,6.855586695500175,163,7.824060409389935,163,12.66801239627904
164,6.295955561665579,164,10.070872210269334,164,5.624598507580782,164,7.940652886014023,164,11.786527004865317
165,7.361969961933205,165,10.238169546036618,165,6.907865854040644,165,7.095443284030279,165,12.227408191844155
166,8.29856920371883,166,11.182224300849008,166,8.071487092850774,166,6.8828694911225305,166,14.22487556954505
167,7.883376053476573,167,12.377782944957051,167,7.445261798191057,167,7.388904370810602,167,14.719796877320976
168,8.29957448239325,168,12.454515710005897,168,7.663507611669864,168,7.190489463023978,168,13.808851888464671
169,9.780222174561285,169,12.737696358420177,169,9.321253596083665,169,7.3540895991811075,169,15.13391128243956
170,10.138495727041365,170,14.231465075176422,170,9.69871400814134,170,7.965025212578447,170,16.93282790314233
171,9.85257604109423,171,15.036028644733603,171,9.37923358099621,171,7.9217723001949905,171,16.520122647644925
172,11.404844929243907,172,14.90423250472408,172,10.766385589925385,172,8.41315144588619,172,16.556071951694502
173,11.26291318741452,173,14.073705128803391,173,9.873121297758942,173,8.205197302067468,173,14.49160734818572
174,10.656969274524773,174,15.559941235164183,174,9.723920628972971,174,8.18526253364386,174,14.99044022178856
175,9.155445816192348,175,15.015067550918292,175,8.302592395850532,175,8.478327448728132,175,13.64856475699603
176,9.503171801347,176,17.04998826672305,176,8.963757747081985,176,8.955125139314376,176,15.369687394263709
177,9.301316186805035,177,16.761049518350795,177,8.73162301403086,177,8.508945462584258,177,16.553576588058814
178,8.004711908993263,178,14.45056173022422,178,7.292852851745286,178,8.067132883175338,178,14.908315938180667
179,7.754396709819085,179,15.021550177850438,179,6.86740226993543,179,9.40739411370918,179,14.889095540648524
180,8.624867470394047,180,16.769188832625076,180,7.777835221609956,180,10.044474169867796,180,17.16336870413201
181,8.432724841152734,181,15.433500005292334,181,7.57110448135924,181,9.634543299297212,181,17.101516174212378
182,7.651071494849976,182,13.733838385115318,182,6.755891007062207,182,10.26011174950766,182,15.69484605585878
183,8.810612363375421,183,15.48409167767961,183,7.502775881546071,183,11.964714279452888,183,17.335907860663664
184,9.836468727250358,184,17.098269810840065,184,8.424147397588527,184,12.46822195400724,184,19.079355997224223
185,9.733756682990665,185,16.70217212437916,185,8.335314090136688,185,12.05673111695537,185,19.4366132438343
186,10.953617206949875,186,18.06675843535234,186,8.795802356707076,186,11.670680968326431,186,20.337080082941743
187,12.610055148821363,187,18.664319470709117,187,9.969843899153169,187,13.092599110746002,187,22.22634358105191
188,13.408816116435156,188,19.095523544828776,188,10.51073947629692,188,12.087695186926982,188,23.438796489059868
189,13.143976865344818,189,18.08728896153251,189,10.367794635860156,189,10.022996907604815,189,22.51934245884703
190,13.344195920927971,190,16.818755772354837,190,11.360649548472368,190,9.191661394227912,190,20.991776783662573
191,13.55270239445269,191,15.388439371047236,191,12.429013466642187,191,10.357058854267592,191,19.20702109622296
192,12.220137570354485,192,13.579691893328471,192,11.425111641344117,192,9.113354463994549,192,17.32606155725389
193,11.010186022519608,193,11.902556965699176,193,10.354273578681042,193,9.533663877416569,193,16.372911087150978
194,12.620326080241894,194,12.090137768423183,194,12.000326323864677,194,11.540244815461936,194,17.577070093115086
195,12.670751287604494,195,11.046498744337692,195,12.042332316709162,195,13.08287016760288,195,16.84272154359732
196,11.996296691757555,196,9.879358373674652,196,11.090922888043629,196,13.183197041800089,196,16.077311017719527
197,11.25846362968185,197,9.930534965917952,197,10.06136902553869,197,10.823642030190223,197,15.150592700754377
198,9.85345444594408,198,9.541840943940697,198,9.124748405891612,198,10.479933966842829,198,13.89478915139687
199,10.624834654034782,199,10.362608389784167,199,9.619450153408216,199,12.158568740214278,199,14.735764747063142
200,9.423744325396951,200,8.96742052185575,200,8.144761286241367,200,10.836184749813416,200,13.062349195133582
201,7.806696473919058,201,8.700079352101953,201,6.591444738053507,201,8.632035942182997,201,11.490176189292493
202,6.232328635596202,202,7.326933127918806,202,5.236315023892724,202,7.383978752465137,202,9.6993517659275
203,5.259014187504947,203,6.853484692040877,203,5.445306396464435,203,5.9289817077433655,203,9.216998641343748
204,4.516993989270336,204,6.354261667323272,204,5.806946268972465,204,5.836340673802368,204,9.490982297794927
205,4.81742189843047,205,6.604788519286618,205,6.30238601584148,205,6.455554911206441,205,9.516554406484222
206,4.787957926110342,206,7.185479627636591,206,7.924882979556972,206,6.060126370316568,206,10.099901302213384
207,4.496104683205349,207,8.234378881578454,207,9.868614714461424,207,5.117125947488617,207,9.916000634572365
208,5.225494559681077,208,8.176996181014792,208,9.295476636448806,208,4.379884554344372,208,10.72632257861492
209,5.739130690751226,209,8.853156059368649,209,7.844307521635891,209,4.524199485099314,209,11.447901223428
210,5.712830894452455,210,9.834733788533375,210,8.270988962883138,210,5.7623322968762265,210,10.240242837159649
211,4.840187941102778,211,10.083846769517647,211,7.684628075469845,211,5.691966502148792,211,8.766282441911766
212,4.763711712326962,212,10.184171710770052,212,6.079248231902583,212,4.629049688704068,212,9.661486456371746
213,5.224221365363284,213,11.206687938320025,213,6.0606293715549135,213,5.289635256605457,213,9.94604631034518
214,4.885504105421281,214,12.260509997140652,214,6.546637627343809,214,6.52267488224038,214,9.93724095018903
215,4.508037226771257,215,12.493210014969344,215,5.677421221407683,215,6.099047548812592,215,10.038246533558391
216,4.856524314378899,216,13.07865740395026,216,4.670359171929023,216,5.573365739110578,216,10.272784619133086
217,4.90833141102447,217,14.34048909375502,217,5.4664206688619865,217,6.775150682312464,217,10.618077275839845
218,4.917086173157328,218,15.967646169714728,218,6.209012754189133,218,7.682591092826638,218,11.042700079872665
219,5.378953360394407,219,16.30827477161384,219,5.457871125612196,219,7.1502612208194245,219,11.259200935903998
220,6.002493509193641,220,17.11001071860783,220,4.957680642092371,220,7.118610718667791,220,11.210741769183484
221,6.589482800256594,221,18.09661056691557,221,5.323956289482883,221,8.569184473264453,221,11.33679289305048
222,7.410311488397544,222,20.084164378062663,222,6.395337513830442,222,10.144082359180144,222,12.134072839547684
223,7.899583964187652,223,21.39969216791663,223,6.794265416473944,223,11.64822039420254,223,13.34318569850492
224,9.766387711440991,224,23.71193522206714,224,7.458259905611798,224,13.090276013227324,224,15.177247613040368
225,10.50916610262506,225,24.52993547994468,225,7.3155051916930836,225,14.07613045465329,225,15.429353839750949
226,11.310817938035315,226,26.29187936456347,226,6.860707866221073,226,13.977250552324495,226,16.883582173194004
227,9.720683007777788,227,24.5241763935461,227,7.652390631213557,227,15.068049419870752,227,15.700404034588264
228,8.398565957761885,228,22.637568299365512,228,7.354049298088854,228,14.26204472428261,228,14.002482670773327
229,9.50630236212903,229,24.51864833140284,229,6.016135092097052,229,12.97631751297599,229,15.040145693685329
230,9.534066737799822,230,24.782721731810422,230,4.92614519414888,230,14.355721236379706,230,15.7217018079917
231,8.769243156394865,231,22.229865849005435,231,4.373736732316062,231,13.141678822779946,231,14.499049874185882
232,8.66924985168844,232,21.486586905027323,232,4.503988727542675,232,13.639961131486665,232,13.655409629075454
233,8.951758945664718,233,19.42168155128441,233,4.362954075132834,233,12.59493516266004,233,12.283108666074217
234,9.42340563732664,234,18.28906941322979,234,4.952073832100907,234,12.618445036234696,234,11.63334575772164
235,10.558550718438124,235,18.43395842041364,235,5.310785414501861,235,12.887132637996936,235,10.770202843628905
236,11.724180271681147,236,16.882403722029828,236,5.946069308382928,236,12.687664211148194,236,10.885362829124032
237,12.65115315031419,237,15.417511060693382,237,6.057849187215159,237,12.210981827662966,237,10.941617324600037
238,14.061617623973186,238,14.465499903398452,238,6.489244030686978,238,11.66107463268644,238,11.06842818312954
239,15.494991138299609,239,14.065750575084202,239,7.337527939579345,239,11.2264844290384,239,11.274360210738948
240,17.402809574326763,240,13.568164616470137,240,7.808199577401973,240,11.282823930697036,240,11.792265797060228
241,18.594844673371316,241,14.156138279627465,241,8.230829860950628,241,10.805021121204051,241,11.497471525267956
242,20.23538346401717,242,15.779467328658344,242,8.44296531792274,242,10.658034031592232,242,11.730032678004925
243,22.304261470400583,243,16.44991485853302,243,9.366762922107569,243,11.10318892992787,243,12.542599681328484
244,23.285636455224008,244,15.781793248799938,244,9.600086919415432,244,11.577079131686409,244,12.17178101788395
245,25.048560244649728,245,16.88581118273353,245,10.282322944197253,245,11.619013489762098,245,12.080105710744077
246,25.11644543664483,246,17.12774232108132,246,10.310666089738593,246,12.98419886532298,246,12.228504899683836
247,27.279704492146053,247,18.7839636433389,247,11.304457684493851,247,13.60852898477464,247,13.35957636285714
248,28.44640706425426,248,19.627993329722692,248,12.29315574201144,248,15.346179002878882,248,14.634704510768708
249,31.04255091999729,249,20.988146170888164,249,13.759566174161955,249,16.27125958745858,249,16.59686302370361
250,31.4708328749332,250,21.181474509966293,250,13.493997483016551,250,14.859389171880704,250,16.346244476981983
251,30.48743284772851,251,19.65556884331795,251,12.96275772363616,251,14.210868786263031,251,14.81480197331716
252,28.291151268363,252,18.223241429362893,252,11.781088073401468,252,13.188345205294064,252,13.00611062172274
253,26.595951139018176,253,16.959366519732626,253,11.262611184592144,253,14.304984690088212,253,12.022390408877111
254,24.829208063376004,254,16.19213000730631,254,10.588026610170864,254,13.436591014183955,254,11.269054182837689
255,24.860361498453123,255,16.645000843329605,255,11.161774417888196,255,12.112364089820211,255,11.654115939157412
256,22.83089666555301,256,16.062766146907453,256,10.89668335100784,256,12.96700100480022,256,11.755162738332494
257,22.01153636158501,257,14.950013489192475,257,10.607889159224078,257,13.362827862621645,257,11.720306829834248
258,21.37671323929161,258,14.969642659815886,258,10.04739130133216,258,15.02359227442993,258,10.977185407119448
259,20.67577694722828,259,15.529622663480282,259,9.188223201419492,259,16.076058283841757,259,11.002921598340803
260,20.587721166313266,260,16.065002604503107,260,9.491133928934389,260,16.798354881323228,260,10.81599130169459
261,20.689719110042816,261,17.20675835826956,261,9.749328640738597,261,16.540587944611804,261,11.355381448488654
262,20.173403248538012,262,17.31604372371612,262,10.393693964858636,262,17.47280216368602,262,12.244404258141726
263,20.18707332339644,263,16.280302653038216,263,10.3933336844594,263,18.65330951613293,263,13.061179641256777
264,19.748817633511837,264,17.23263768166485,264,10.070392369707337,264,19.86685600467801,264,15.155032089024957
265,19.474755468752942,265,17.533592918705562,265,10.4356336648043,265,20.3694000715789,265,15.996205628828628
266,19.650305878603664,266,18.89539899738864,266,10.387708008356917,266,21.170555333698328,266,17.335643349912196
267,19.27961090348807,267,20.010992799337707,267,11.55911723410511,267,20.208292194446116,267,18.95373175794452
268,19.086069019979664,268,20.602477156135677,268,11.950562397177434,268,20.765543704231,268,19.385637110726893
269,19.819923551855595,269,21.62350334016386,269,11.55932944224427,269,20.485989575420994,269,19.87456564589402
270,20.41316798306596,270,22.872092451891422,270,11.194460475287965,270,19.09314560134119,270,21.71385146457429
271,21.25314604484513,271,24.312623230357406,271,11.70275791988188,271,18.982275550987566,271,22.89365715042737
272,20.781380017820823,272,25.52579534790057,272,11.667572435537616,272,19.67244719543589,272,23.23301133654573
273,22.057132529034234,273,27.13120794243586,273,11.420334549352935,273,18.95762290310881,273,25.19749698401669
274,23.23670012158509,274,28.042933560441025,274,11.989114712172691,274,18.05068968756761,274,26.39050120718247
275,23.620058134387317,275,28.062560510460088,275,12.143607735635245,275,17.36887624779641,275,28.24403129324442
276,23.902517664237426,276,27.841493617495225,276,11.968605485010242,276,17.476807797183785,276,29.418852380804505
277,23.268040741604423,277,29.058550077479943,277,12.924124814327438,277,16.607829982481874,277,30.287070337942083
278,24.46220012719861,278,28.16455354405285,278,12.995495207082763,278,16.01685222809131,278,30.35093650302731
279,24.30528653945989,279,29.310601450101537,279,12.775918828781144,279,16.043544375895248,279,29.45306307995557
280,24.275714644747687,280,31.17636488041987,280,12.478204429817051,280,16.0461560337686,280,29.06637042106137
281,23.7243644716156,281,33.15567003031626,281,13.168686977396398,281,16.39281063884618,281,28.448940719911235
282,24.58031330769052,282,32.40931846557757,282,12.86194875475664,282,16.57936374454493,282,27.90450843503965
283,26.06135805983569,283,33.00346059000159,283,12.742150727948102,283,16.997094818905083,283,27.49123583582339
284,27.324302229706586,284,31.9962668658664,284,12.709376629861584,284,18.03218257988425,284,27.55967131223226
285,29.14143473088532,285,32.56141104129213,285,12.915301189307597,285,19.014790923062503,285,27.825463206079817
286,29.956050740385223,286,31.99374912149479,286,13.556680831071263,286,20.34974959745728,286,28.295728170297394
287,29.87127833891908,287,31.548015469209712,287,13.737440498611518,287,21.502789155223773,287,29.217792074806837
